CREATE DATABASE  IF NOT EXISTS `quiz` /*!40100 DEFAULT CHARACTER SET utf8 */;
USE `quiz`;
-- MySQL dump 10.13  Distrib 5.7.25, for Linux (x86_64)
--
-- Host: 127.0.0.1    Database: quiz
-- ------------------------------------------------------
-- Server version	5.7.25-0ubuntu0.18.04.2

/*!40101 SET @OLD_CHARACTER_SET_CLIENT=@@CHARACTER_SET_CLIENT */;
/*!40101 SET @OLD_CHARACTER_SET_RESULTS=@@CHARACTER_SET_RESULTS */;
/*!40101 SET @OLD_COLLATION_CONNECTION=@@COLLATION_CONNECTION */;
/*!40101 SET NAMES utf8 */;
/*!40103 SET @OLD_TIME_ZONE=@@TIME_ZONE */;
/*!40103 SET TIME_ZONE='+00:00' */;
/*!40014 SET @OLD_UNIQUE_CHECKS=@@UNIQUE_CHECKS, UNIQUE_CHECKS=0 */;
/*!40014 SET @OLD_FOREIGN_KEY_CHECKS=@@FOREIGN_KEY_CHECKS, FOREIGN_KEY_CHECKS=0 */;
/*!40101 SET @OLD_SQL_MODE=@@SQL_MODE, SQL_MODE='NO_AUTO_VALUE_ON_ZERO' */;
/*!40111 SET @OLD_SQL_NOTES=@@SQL_NOTES, SQL_NOTES=0 */;

--
-- Table structure for table `answers`
--

DROP TABLE IF EXISTS `answers`;
/*!40101 SET @saved_cs_client     = @@character_set_client */;
/*!40101 SET character_set_client = utf8 */;
CREATE TABLE `answers` (
  `id` bigint(20) NOT NULL AUTO_INCREMENT,
  `answer_text` varchar(255) NOT NULL,
  `is_correct` tinyint(1) DEFAULT NULL,
  `question_id` bigint(20) DEFAULT NULL,
  PRIMARY KEY (`id`),
  KEY `fk_question_id` (`question_id`),
  CONSTRAINT `fk_question_id` FOREIGN KEY (`question_id`) REFERENCES `questions` (`id`) ON DELETE CASCADE ON UPDATE CASCADE
) ENGINE=InnoDB AUTO_INCREMENT=680 DEFAULT CHARSET=utf8;
/*!40101 SET character_set_client = @saved_cs_client */;

--
-- Dumping data for table `answers`
--

LOCK TABLES `answers` WRITE;
/*!40000 ALTER TABLE `answers` DISABLE KEYS */;
INSERT INTO `answers` VALUES (1,'class, if, void, long, Int, continue',0,1),(2,'goto, instanceof, native, finally, default, throws',1,1),(3,'try, virtual, throw, final, volatile, transient',0,1),(4,'strictfp, constant, super, implements, do',0,1),(5,'int [] myList = {\"1\", \"2\", \"3\"};',0,2),(6,'int [] myList = (5, 8, 2);',0,2),(7,'int myList [] [] = {4,9,7,0};',0,2),(8,'int myList [] = {4, 3, 7};',1,2),(9,'method',0,3),(10,'native',1,3),(11,'subclasses',0,3),(12,'reference',0,3),(13,'interface',1,4),(14,'string',0,4),(15,'Float',0,4),(16,'unsigned',0,4),(17,'yield',0,5),(18,'wait',1,5),(19,'sleep',1,5),(20,'notify',0,5),(21,'public double methoda();',1,6),(22,'public final double methoda();',0,6),(23,'static void methoda(double d1);',0,6),(24,'protected void methoda(double d1);',0,6),(25,'boolean b1 = 0;',0,7),(26,'boolean b2 = \'false\';',0,7),(27,'boolean b3 = false;',1,7),(28,'boolean b4 = Boolean.false();',0,7),(29,'String s1 = null;',1,8),(30,'String s2 = \'null\';',0,8),(31,'String s3 = (String) \'abc\';',0,8),(32,'String s4 = (String) \'ufeed\';',0,8),(33,'-128 to 127',0,9),(34,'-(215) to (215) - 1',0,9),(35,'0 to 32767',0,9),(36,'0 to 65535',1,9),(37,'public',1,10),(38,'private',1,10),(39,'friendly',0,10),(40,'vagrant',0,10),(41,'It can extend exactly one class and implement exactly one interface.',0,11),(42,'It can extend exactly one class and can implement multiple interfaces.',0,11),(43,'It can extend exactly one class or implement exactly one interface.',1,11),(44,'It can implement multiple interfaces regardless of whether it also extends a class.',0,11),(45,'It must be marked final.',0,12),(46,'It can be marked abstract.',1,12),(47,'It can be marked public.',0,12),(48,'It can be marked static.',0,12),(49,'You must have a reference to an instance of the enclosing class in order to instantiate it.',0,13),(50,'It does not have access to nonstatic members of the enclosing class.',1,13),(51,'It\'s variables and methods must be static.',0,13),(52,'It must extend the enclosing class.',0,13),(53,'Runnable r = new Runnable() { };',0,14),(54,'Runnable r = new Runnable(public void run() { });',0,14),(55,'Runnable r = new Runnable { public void run(){}};',0,14),(56,'System.out.println(new Runnable() {public void run() { }});',1,14),(57,'Which of the following is true about anonymous inner classes?',0,15),(58,'You can create ‘n’ number of objects to anonymous inner classes.',0,15),(59,'Anonymous inner classes will not have the name.',0,15),(60,'You can instantiate anonymous inner classes only once.',1,15),(61,'True',0,16),(62,'False',1,16),(63,'Yes',0,17),(64,'No',1,17),(65,'Yes',1,18),(66,'No',0,18),(67,'Yes',1,19),(68,'No',0,19),(69,'Yes',1,20),(70,'No',0,20),(71,'public',0,21),(72,'private',0,21),(73,'protected',1,21),(74,'transient',0,21),(75,'abstract',0,22),(76,'protected',0,22),(77,'synchronized',0,22),(78,'default access',1,22),(79,'int[ ] scores = {3, 5, 7};',0,23),(80,'int [ ][ ] scores = {2,7,6}, {9,3,45};',1,23),(81,'String cats[ ] = {\"Fluffy\", \"Spot\", \"Zeus\"};',0,23),(82,'boolean results[ ] = new boolean [] {true, false, true};',0,23),(83,'public',0,24),(84,'private',0,24),(85,'protected',0,24),(86,'default access',1,24),(87,'int[ ] ia = new int[15];',1,25),(88,'float fa = new float[20];',0,25),(89,'char[ ] ca = \"Some String\";',0,25),(90,'int ia[ ] [ ] = { 4, 5, 6 }, { 1,2,3 };',0,25),(91,'protected int a;',0,26),(92,'transient int b = 3;',0,26),(93,'private synchronized int e;',1,26),(94,'volatile int d;',0,26),(95,'final',0,27),(96,'static',0,27),(97,'private',1,27),(98,'protected',0,27),(99,'public static short stop = 23;',1,28),(100,'protected short stop = 23;',0,28),(101,'transient short stop = 23;',0,28),(102,'final void madness(short stop);',0,28),(103,'1 and 3',0,29),(104,'2 and 4',0,29),(105,'1 and 5',0,29),(106,'2 and 6',1,29),(107,'1, 2 and 4',0,30),(108,'2, 3 and 5',1,30),(109,'3, 4 and 5',0,30),(110,'1, 2 and 3',0,30),(111,'TreeMap',0,31),(112,'HashMap',0,31),(113,'LinkedHashMap',1,31),(114,'The answer depends on the implementation of the existing instance.',0,31),(115,'java.lang.String',0,32),(116,'java.lang.Double',0,32),(117,'java.lang.StringBuffer',1,32),(118,'java.lang.Character',0,32),(119,'java.util.HashSet',0,33),(120,'java.util.LinkedHashSet',0,33),(121,'java.util.List',0,33),(122,'java.util.ArrayList',1,33),(123,'java.util.Map',0,34),(124,'java.util.Set',1,34),(125,'java.util.List',0,34),(126,'java.util.Collection',0,34),(127,'Java.util.Map',1,35),(128,'Java.util.List',0,35),(129,'Java.util.HashTable',0,35),(130,'Java.util.Collection',0,35),(131,'Java.util.Map',1,36),(132,'Java.util.Set',0,36),(133,'Java.util.List',0,36),(134,'Java.util.Collection',0,36),(135,'java.util.ArrayList',0,37),(136,'java.util.LinkedHashMap',1,37),(137,'java.util.HashMap',0,37),(138,'java.util.TreeMap',0,37),(139,'java.util.SortedMap',0,38),(140,'java.util.TreeMap',0,38),(141,'java.util.TreeSet',0,38),(142,'java.util.Hashtable',1,38),(143,'float f = 1F;',1,39),(144,'float f = 1.0;',0,39),(145,'float f = \"1\";',0,39),(146,'float f = 1.0d;',0,39),(147,'0 to 32767',0,40),(148,'0 to 65535',1,40),(149,'-256 to 255',0,40),(150,'-32768 to 32767',0,40),(151,'Database application and the database',1,41),(152,'Data and the database',0,41),(153,'The user and the database application',0,41),(154,'Database application and SQL',0,41),(155,'IDMS',0,42),(156,'DB2',1,42),(157,'dBase-II',0,42),(158,'R:base',0,42),(159,'user data',0,43),(160,'metadata',0,43),(161,'reports',1,43),(162,'indexes',0,43),(163,'single-user database application',1,44),(164,'multiuser database application',0,44),(165,'e-commerce database application',0,44),(166,'data mining database application',0,44),(167,'single-user database application',0,45),(168,'multiuser database application',0,45),(169,'e-commerce database application',1,45),(170,'data mining database application',0,45),(171,'IDMS',0,46),(172,'Oracle',0,46),(173,'dBase-II',0,46),(174,'R:base',1,46),(175,'Structured Query Language',1,47),(176,'Sequential Query Language',0,47),(177,'Structured Question Language',0,47),(178,'Sequential Question Language',0,47),(179,'described',0,48),(180,'metadata compatible',0,48),(181,'self-describing',1,48),(182,'an application program',0,48),(183,'creating and processing forms',1,49),(184,'creating databases',0,49),(185,'processing data',0,49),(186,'administrating databases',0,49),(187,'database',1,50),(188,'table',0,50),(189,'instance',0,50),(190,'relationship',0,50),(191,'ADD',0,51),(192,'CREATE',0,51),(193,'INSERT',1,51),(194,'MAKE',0,51),(195,'REMOVE FROM CUSTOMER ...',0,52),(196,'DROP FROM CUSTOMER ...',0,52),(197,'DELETE FROM CUSTOMER WHERE ...',1,52),(198,'UPDATE FROM CUSTOMER ...',0,52),(199,'limits the column data that are returned.',0,53),(200,'limits the row data are returned.',1,53),(201,'Both A and B are correct.',0,53),(202,'Neither A nor B are correct.',0,53),(203,'To specify the syntax and semantics of SQL data definition language',0,54),(204,'To specify the syntax and semantics of SQL data definition language',0,54),(205,'To specify the syntax and semantics of SQL manipulation language',0,54),(206,'To define the data structures',1,54),(207,'An exact match is necessary in a SELECT statement.',0,55),(208,'An exact match is not possible in a SELECT statement.',1,55),(209,'An exact match is necessary in a CREATE statement.',0,55),(210,'An exact match is not possible in a CREATE statement.',0,55),(211,'A virtual table that can be accessed via SQL commands',1,56),(212,'A virtual table that cannot be accessed via SQL commands',0,56),(213,'A base table that can be accessed via SQL commands',0,56),(214,'A base table that cannot be accessed via SQL commands',0,56),(215,'REMOVE TABLE CUSTOMER;',0,57),(216,'DROP TABLE CUSTOMER;',1,57),(217,'DELETE TABLE CUSTOMER;',0,57),(218,'UPDATE TABLE CUSTOMER;',0,57),(219,'Normalization',0,58),(220,'Data Integrity',1,58),(221,'Materialized Views',0,58),(222,'All of the above.',0,58),(223,'DDL',1,59),(224,'DML',0,59),(225,'HTML',0,59),(226,'XML',0,59),(227,'CREATE INDEX ID;',1,60),(228,'CHANGE INDEX ID;',0,60),(229,'ADD INDEX ID;',0,60),(230,'REMOVE INDEX ID;',0,60),(231,'One',0,61),(232,'Two',0,61),(233,'Three',0,61),(234,'Four',1,61),(235,'In the MySQL database metadata',0,62),(236,'In the MySQL database metasql',0,62),(237,'In the MySQL database mysql',1,62),(238,'None of the above is correct.',0,62),(239,'Netscape',0,63),(240,'Microsoft',0,63),(241,'Sun',1,63),(242,'None of the above is correct.',0,63),(243,'Java virtual machine',1,64),(244,'Java compiler',0,64),(245,'Java bytecode',0,64),(246,'A Web browser',0,64),(247,'Both Type 1 and Type 2',0,65),(248,'Both Type 1 and Type 3',0,65),(249,'Both Type 3 and Type 4',1,65),(250,'Type 4 only',0,65),(251,'MySQL',1,66),(252,'JSP/SQL',0,66),(253,'JDBC/SQL',0,66),(254,'Sun ACCESS',0,66),(255,'A Java application',0,67),(256,'A Java applet',1,67),(257,'A Java servlet',0,67),(258,'None of the above is correct.',0,67),(259,'UNIQUE',0,68),(260,'SEQUENCE',0,68),(261,'AUTO_INCREMENT',1,68),(262,'None of the above -- Surrogate keys are not implemented in MySQL.',0,68),(263,'There are no public instance variables.',0,69),(264,'All persistent values are accessed using getxxx and setxxx methods.',0,69),(265,'It may have many constructors as necessary.',1,69),(266,'All of the above are true of a Java bean.',0,69),(267,'Java applet.',0,70),(268,'Java servlet.',1,1),(269,'Either 1 or 2 above.',0,70),(270,'Neither 1 nor 2 above.',0,70),(271,'Type 1 only',0,71),(272,'Type 2 only',0,71),(273,'Both Type 3 and Type 4',0,71),(274,'All of Type 1, Type 2, Type 3 and Type 4',1,71),(275,'VBScript only',0,72),(276,'Jscript only',0,72),(277,'Java only',1,72),(278,'All of the above are supported',0,72),(279,'Apache Tomcat',1,73),(280,'Apache Web server',0,73),(281,'Sun servlet processor',0,73),(282,'None of the above is correct.',0,73),(283,'Machine-specific code',0,74),(284,'Java code',0,74),(285,'Machine-independent code',1,74),(286,'None of the above is correct.',0,74),(287,'A Java application',0,75),(288,'A Java applet',0,75),(289,'A Java servlet',1,75),(290,'None of the above is correct.',0,75),(291,'Type 1',1,76),(292,'Type 2',0,76),(293,'Type 3',0,76),(294,'Type 4',0,76),(295,'One',1,77),(296,'Two',0,77),(297,'Three',0,77),(298,'Unlimited',0,77),(299,'Type 3 only',0,78),(300,'Type 4 only',0,78),(301,'Both Type 3 and Type 4',1,78),(302,'Neither Type 3 nor Type 4',0,78),(303,'Java Database Connectivity',1,79),(304,'Java Database Components',0,79),(305,'Java Database Control',0,79),(306,'None of the above is correct.',0,79),(307,'As a CGI script',0,80),(308,'As an independent process',0,80),(309,'By one of Tomcat\'s threads',1,80),(310,'None of the above is correct.',0,80),(311,'Equi-join',0,81),(312,'Natural join',0,81),(313,'Outer join',1,81),(314,'All of the above.',0,81),(315,'Equi-join',0,82),(316,'Natural join',0,82),(317,'Outer join',0,82),(318,'All of the above.',1,82),(319,'You do not create them with SQL.',0,83),(320,'They do not need to have a unique name.',0,83),(321,'They include procedural and SQL statements.',1,83),(322,'They are the same thing as a function.',0,83),(323,'A way to establish an IF-THEN-ELSE in SQL.',1,84),(324,'A way to establish a loop in SQL.',0,84),(325,'A way to establish a data definition in SQL.',0,84),(326,'All of the above.',0,84),(327,'Both consist of procedural code.',1,85),(328,'Both have to be called to operate.',0,85),(329,'Both run automatically.',0,85),(330,'Both are stored in the database.',0,85),(331,'Subqueries',0,86),(332,'Union Join',0,86),(333,'Natural join',0,86),(334,'All of the above',1,86),(335,'RDBMS store database definition information in system-created tables.',0,87),(336,'This information can be accessed using SQL.',0,87),(337,'This information often cannot be updated by a user.',0,87),(338,'All of the above.',1,87),(339,'Equi-join',1,88),(340,'Natural join',0,88),(341,'Outer join',0,88),(342,'Cartesian join',0,88),(343,'Hard-coded SQL statements in a program language such as Java.',1,89),(344,'The process of making an application capable of generating specific SQL code on the fly.',0,89),(345,'Hard-coded SQL statements in a procedure.',0,89),(346,'Hard-coded SQL statements in a trigger.',0,89),(347,'Combines the output from no more than two queries and must include the same number of columns.',0,90),(348,'Combines the output from no more than two queries and does not include the same number of columns.',0,90),(349,'Combines the output from multiple queries and must include the same number of columns.',1,90),(350,'Combines the output from multiple queries and does not include the same number of columns.',0,90),(351,'PL/1',0,91),(352,'FORTRAN',0,91),(353,'BASIC',0,91),(354,'PASCAL',1,91),(355,'Data transmission',0,92),(356,'Data flow',1,92),(357,'Data capture',0,92),(358,'Data processing',0,92),(359,'ALU',0,93),(360,'Memory',0,93),(361,'CPU',1,93),(362,'Control unit',0,93),(363,'Technological advancement',1,94),(364,'Scientific code',0,94),(365,'Object Oriented Programming',0,94),(366,'All of the above',0,94),(367,'FORTRAN',0,95),(368,'PROLOG',1,95),(369,'C',0,95),(370,'COBOL',0,95),(371,'Surface',0,96),(372,'Cylinder',1,96),(373,'Cluster',0,96),(374,'All of the above',0,96),(375,'01',1,97),(376,'110',0,97),(377,'11',0,97),(378,'10',0,97),(379,'M',1,98),(380,'SVC',0,98),(381,'IP',0,98),(382,'MDR',0,98),(383,'Input',0,99),(384,'Storage unit',0,99),(385,'Logic unit',0,99),(386,'Control unit',1,99),(387,'2',1,100),(388,'10',0,100),(389,'8',0,100),(390,'16',0,100),(391,'Pulse code modulation',1,101),(392,'Pulse stretcher',0,101),(393,'Query processing',0,101),(394,'Queue management',0,101),(395,'O.M.R',1,102),(396,'Punch card reader',0,102),(397,'Optical scanners',0,102),(398,'Magnetic tape',0,102),(399,'Easy replacement in case of circuit failure',0,103),(400,'Extremely high reliability',1,103),(401,'Reduced cost',0,103),(402,'Low power consumption',0,103),(403,'COBOL',1,104),(404,'BASIC',0,104),(405,'PASCAL',0,104),(406,'FORTH',0,104),(407,'APL',0,105),(408,'COBOL',0,105),(409,'LOGO',1,105),(410,'FORTRAN',0,105),(411,'Encoder',1,106),(412,'Simulation',0,106),(413,'Emulator',0,106),(414,'Coding',0,106),(415,'Magnetic tape',0,107),(416,'Badge reader',1,107),(417,'Tape puncher',0,107),(418,'Card puncher',0,107),(419,'Modulator',0,108),(420,'Demodulator',0,108),(421,'Modem',1,108),(422,'Decoder',0,108),(423,'Cylinder',0,109),(424,'Cluster',1,109),(425,'Surface',0,109),(426,'Track',0,109),(427,'Modulator',1,110),(428,'Modem',0,110),(429,'Keyboard',0,110),(430,'Plotter',0,110),(431,'countw',0,111),(432,'wcount',0,111),(433,'wc',1,111),(434,'count p',0,111),(435,'dm',0,112),(436,'rm',1,112),(437,'delete',0,112),(438,'erase',0,112),(439,'rdir',0,113),(440,'remove',0,113),(441,'rd',0,113),(442,'rmdir',1,113),(443,'x',1,114),(444,'y',0,114),(445,'a',0,114),(446,'z',0,114),(447,'SPARC',0,115),(448,'IBM-compatible',0,115),(449,'Alpha',0,115),(450,'Macintosh',1,115),(451,'constructs packets of data and sends them across the network',0,116),(452,'controls error detection and correction',0,116),(453,'defines the electrical characteristics of signals passed between the computer and communication devices',1,116),(454,'All of the above',0,116),(455,'UDP',0,117),(456,'RARP',0,117),(457,'FTP',0,117),(458,'TELNET',1,117),(459,'127 networks and 16,777,216 nodes per network',0,118),(460,'16,384 networks and 65,534 nodes per network',1,118),(461,'2,097,152 networks and 254 nodes per network',0,118),(462,'All of the above',0,118),(463,'NFS',0,119),(464,'SMB',0,119),(465,'NIS',0,119),(466,'DNS',1,119),(467,'mkboot disk',0,120),(468,'bootfp disk',0,120),(469,'ww and rawwrite',0,120),(470,'dd and rawrite',1,120),(471,'tee',1,121),(472,'grep',0,121),(473,'cat',0,121),(474,'more',0,121),(475,'wc - r',0,122),(476,'wc - w',0,122),(477,'wc - c',0,122),(478,'wc - l',1,122),(479,'session layer',0,123),(480,'transport layer',0,123),(481,'data link layer',0,123),(482,'network layer',1,123),(483,'128.10.2.30',1,124),(484,'210.20.2.64',0,124),(485,'164.100.9.61',0,124),(486,'148.20.2.30',0,124),(487,'Class A',1,125),(488,'Class B',0,125),(489,'Class C',0,125),(490,'All of the above',0,125),(491,'Net.Net.Net.Node',0,126),(492,'Net.Net.Node.Node',0,126),(493,'Net.Node.Net.Node',0,126),(494,'Net.Node.Node.Node',1,126),(495,'NFS',0,127),(496,'FTP',0,127),(497,'PCMCIA',0,127),(498,'All of the above',1,127),(499,'stands for Red Hat Package Manager',1,128),(500,'is used to install, uninstall, and manage packages',0,128),(501,'is used to keep track of the users',0,128),(502,'assigns a dynamic IP address',0,128),(503,'rpm -q',1,129),(504,'rpm -a',0,129),(505,'rpm -d',0,129),(506,'rpm -1',0,129),(507,'/etc/.profile',0,130),(508,'/etc/.bashrc',0,130),(509,'/etc/.log',0,130),(510,'/etc/profile',1,130),(511,'32 bits',0,131),(512,'128 bytes',0,131),(513,'64 bits',0,131),(514,'128 bits',1,131),(515,'NAT',0,132),(516,'Static',0,132),(517,'Dynamic',0,132),(518,'PAT',1,132),(519,'1 and 3',1,133),(520,'2 and 4',0,133),(521,'3 and 4',0,133),(522,'1 and 2',0,133),(523,'copy running backup',0,134),(524,'copy running-config startup-config',1,134),(525,'config mem',0,134),(526,'wr mem',0,134),(527,'100 kbps',0,135),(528,'1 Mbps',0,135),(529,'2 Mbps',0,135),(530,'10 Mbps',1,135),(531,'A',0,136),(532,'B',0,136),(533,'G',1,136),(534,'N',0,136),(535,'192.168.168.129-190',1,137),(536,'192.168.168.129-191',0,137),(537,'192.168.168.128-190',0,137),(538,'192.168.168.128-192',0,137),(539,'backup IOS disk',0,138),(540,'copy ios tftp',0,138),(541,'copy tftp flash',0,138),(542,'copy flash tftp',1,138),(543,'NCP',1,139),(544,'ISDN',0,139),(545,'HDLC',0,139),(546,'LCP',0,139),(547,'line telnet 0 4',0,140),(548,'line aux 0 4',0,140),(549,'line vty 0 4',1,140),(550,'line con 0',0,140),(551,'1963, USA',0,141),(552,'1965, Germany',0,141),(553,'1950, USA',1,141),(554,'1950, Japan',0,141),(555,'a technique used in best-effort delivery system to avoid endlessly looping packets.',1,142),(556,'a technique used by protocols in which a lower level protocol accepts a message from a higher level protocol and places it in the data portion of the low level frame',0,142),(557,'One of the pieces that results when an IP gateway divides an IP datagram into smaller pieces for transmission across a network that cannot handle the original datagram size.',0,142),(558,'All of the above',0,142),(559,'one or more conductors that serve as a common connection for a related group of devices',0,143),(560,'a continuous frequency capable of being modulated or impressed with a second signal',0,143),(561,'the condition with two or more stations attempt to use the same channel at the same time',0,143),(562,'a collection of interconnected functional units that provides a data communications service among stations attached to the network',1,143),(563,'resistance to data theft',0,144),(564,'fast data transmission rate',0,144),(565,'low noise level',0,144),(566,'All of the above',1,144),(567,'if a host moves from one network to another, its IP address must change',0,145),(568,'routing uses the network portion of the IP address, the path taken by packets travelling to a host with multiple IP addresses depends on the address used.',0,145),(569,'IP addresses encode both a network and a host on that network, they do not specify an individual machine, but a connection to a network.',0,145),(570,'All of the above',1,145),(571,'transmission of signals without modulation',0,146),(572,'a signal all of whose energy is contained within a finite frequency range',1,146),(573,'simultaneous transmission of data to a number of stations',0,146),(574,'All of the above',0,146),(575,'Wireless LANs',1,147),(576,'Network Topologies',0,147),(577,'Multiplexer',0,147),(578,'Modem',0,147),(579,'255.255.224.0',0,148),(580,'255.255.240.0',0,148),(581,'255.255.248.0',0,148),(582,'255.255.255.0',1,148),(583,'first three',0,149),(584,'first four',1,149),(585,'first five',0,149),(586,'first seven',0,149),(587,'The IP address',0,150),(588,'The TCP address',0,150),(589,'The subnet mask',0,150),(590,'The default gateway',1,150),(591,'Virtual class',0,151),(592,'Abstract class',0,151),(593,'Singleton class',1,151),(594,'Friend class',0,151),(595,'Copy constructor',0,152),(596,'Friend constructor',1,152),(597,'Default constructor',0,152),(598,'Parameterized constructor',0,152),(599,'Base class pointer cannot point to derived class.',0,153),(600,'Derived class pointer cannot point to base class.',1,153),(601,'Pointer to derived class cannot be created.',0,153),(602,'Pointer to base class cannot be created.',0,153),(603,'Static function',0,154),(604,'Friend function',1,154),(605,'Const function',0,154),(606,'Virtual function',0,154),(607,'Data hiding',0,155),(608,'Dynamic Typing',0,155),(609,'Dynamic binding',1,155),(610,'Dynamic loading',0,155),(611,'Member Variable',0,156),(612,'Member function',1,156),(613,'Class function',0,156),(614,'Classic function',0,156),(615,'Call by value',0,157),(616,'Call by reference',0,157),(617,'Default arguments',1,157),(618,'Call by pointer',0,157),(619,'1',0,158),(620,'5',0,158),(621,'13',0,158),(622,'0',1,158),(623,'Function',0,159),(624,'Class',0,159),(625,'Object',1,159),(626,'Operator function',0,159),(627,'Encapsulation',0,160),(628,'Abstraction',0,160),(629,'Data hiding',1,160),(630,'Data binding',0,160),(631,'A reference can never be null.',0,161),(632,'A reference once established cannot be changed.',0,161),(633,'Reference doesn\'t need an explicit dereferencing mechanism.',0,161),(634,'All of the above.',1,161),(635,'operator',0,162),(636,'function',0,162),(637,'object',1,162),(638,'macro',0,162),(639,'Encapsulation',0,163),(640,'Abstraction',0,163),(641,'Composition',1,163),(642,'Inheritance',0,163),(643,'1',0,164),(644,'2',1,164),(645,'3',0,164),(646,'4',0,164),(647,'int',0,165),(648,'double',0,165),(649,'string',0,165),(650,'Class',1,165),(651,'Data hiding',0,166),(652,'Dynamic typing',0,166),(653,'Dynamic binding',0,166),(654,'Dynamic loading',1,166),(655,'A constructor is called at the time of declaration of an object.',1,167),(656,'A constructor is called at the time of use of an object.',0,167),(657,'A constructor is called at the time of declaration of a class.',0,167),(658,'A constructor is called at the time of use of a class.',0,167),(659,'Virtual polymorphism',0,168),(660,'Transient polymorphism',0,168),(661,'Ad-hoc polymorphism',1,168),(662,'Pseudo polymorphism',0,168),(663,'Top-down',0,169),(664,'Bottom-up',1,169),(665,'Right-left',0,169),(666,'Left-right',0,169),(667,'The types of arguments are different.',0,170),(668,'The order of argument is different.',0,170),(670,'Both A and B.',1,170),(679,'The number of argument is same.',0,170);
/*!40000 ALTER TABLE `answers` ENABLE KEYS */;
UNLOCK TABLES;

--
-- Table structure for table `hibernate_sequence`
--

DROP TABLE IF EXISTS `hibernate_sequence`;
/*!40101 SET @saved_cs_client     = @@character_set_client */;
/*!40101 SET character_set_client = utf8 */;
CREATE TABLE `hibernate_sequence` (
  `next_val` bigint(20) DEFAULT NULL
) ENGINE=InnoDB DEFAULT CHARSET=utf8;
/*!40101 SET character_set_client = @saved_cs_client */;

--
-- Dumping data for table `hibernate_sequence`
--

LOCK TABLES `hibernate_sequence` WRITE;
/*!40000 ALTER TABLE `hibernate_sequence` DISABLE KEYS */;
INSERT INTO `hibernate_sequence` VALUES (1),(1),(1),(1);
/*!40000 ALTER TABLE `hibernate_sequence` ENABLE KEYS */;
UNLOCK TABLES;

--
-- Table structure for table `questions`
--

DROP TABLE IF EXISTS `questions`;
/*!40101 SET @saved_cs_client     = @@character_set_client */;
/*!40101 SET character_set_client = utf8 */;
CREATE TABLE `questions` (
  `id` bigint(20) NOT NULL AUTO_INCREMENT,
  `question_text` text NOT NULL,
  `test_id` bigint(20) DEFAULT NULL,
  PRIMARY KEY (`id`),
  KEY `fk_test_id` (`test_id`),
  CONSTRAINT `fk_test_id` FOREIGN KEY (`test_id`) REFERENCES `tests` (`id`) ON DELETE CASCADE ON UPDATE CASCADE
) ENGINE=InnoDB AUTO_INCREMENT=171 DEFAULT CHARSET=utf8;
/*!40101 SET character_set_client = @saved_cs_client */;

--
-- Dumping data for table `questions`
--

LOCK TABLES `questions` WRITE;
/*!40000 ALTER TABLE `questions` DISABLE KEYS */;
INSERT INTO `questions` VALUES (1,'Which one of these lists contains only Java programming language keywords?',1),(2,'Which will legally declare, construct, and initialize an array?',1),(3,'Which is a reserved word in the Java programming language?',1),(4,'Which is a valid keyword in java?',1),(5,'Какие из следующих методов выбрасывают исключение InterruptedException?',1),(6,'Which is the valid declarations within an interface definition?',1),(7,'Which one is a valid declaration of a boolean?',1),(8,'Which is a valid declarations of a String?',1),(9,'What is the numerical range of a char?',1),(10,'Which of the following are Java modifiers?',1),(11,'Which is true about an anonymous inner class?',2),(12,'Which is true about a method-local inner class?',2),(13,'Which statement is true about a static nested class?',2),(14,'Which constructs an anonymous inner class instance?',2),(15,'Which of the following is true about anonymous inner classes?',2),(16,'Local inner classes can not be declared as abstract.',2),(17,'Can you instantiate anonymous inner classes more than once?',2),(18,'Can we access static members of outer class inside a member inner class?',2),(19,'Can interfaces have inner classes in them?',2),(20,'Can interfaces have inner classes in them?',2),(21,'You want subclasses in any package to have access to members of a superclass. Which is the most restrictive access that accomplishes this objective?',3),(22,'What is the most restrictive access modifier that will allow members of one class to have access to members of another class in the same package?',3),(23,'Which cause a compiler error?',3),(24,'You want a class to have access to members of another class in the same package. Which is the most restrictive access that accomplishes this objective?',3),(25,'Which one creates an instance of an array?',3),(26,'Which of the following class level (nonlocal) variable declarations will not compile?',3),(27,'Given a method in a protected class, what access modifier do you use to restrict access to that method to only the other members of the same class?',3),(28,'Which is a valid declaration within an interface?',3),(29,'Which two statements are true for any concrete class implementing the java.lang.Runnable interface?\n    1. You can extend the Runnable interface as long as you override the public run() method.\n    2. The class must contain a method called run() from which all code for that thread will be initiated.\n    3. The class must contain an empty public void method named run().questions\n    4. The class must contain a public void method named runnable().\n    5. The class definition must include the words implements Threads and contain a method called run().\n    6. The mandatory method must be public, with a return type of void, must be called run(), and cannot take any arguments.',3),(30,'Which three statements are true?\n    1. The default constructor initialises method variables.\n    2. The default constructor has the same access as its class.\n    3. The default constructor invokes the no-arg constructor of the superclass.\n    4. If a class lacks a no-arg constructor, the compiler always creates a default constructor.\n    5. The compiler creates a default constructor only when there are no other constructors for the class.',3),(31,'Suppose that you would like to create an instance of a new Map that has an iteration order that is the same as the iteration order of an existing instance of a Map. Which concrete implementation of the Map interface should be used for the new instance?',4),(32,'Which class does not override the equals() and hashCode() methods, inheriting them directly from class Object?',4),(33,'Which collection class allows you to grow or shrink its size and provides indexed access to its elements, but whose methods are not synchronized?',4),(34,'You need to store elements in a collection that guarantees that no duplicates are stored and all elements can be accessed in natural order. Which interface provides that capability?',4),(35,'Which interface does java.util.Hashtable implement?',4),(36,'Which interface provides the capability to store objects using a key-value pair?',4),(37,'Which collection class allows you to associate its elements with key values, and allows you to retrieve objects in FIFO (first-in, first-out) sequence?',4),(38,'Which collection class allows you to access its elements by associating a key with an element\'s value, and provides synchronization?',4),(39,'Which is valid declaration of a float?',4),(40,'What is the numerical range of char?',4),(41,'The DBMS acts as an interface between what two components of an enterprise-class database system?',5),(42,'Which of the following products was an early implementation of the relational model developed by E.F. Codd of IBM?',5),(43,'The following are components of a database except ________ .',5),(44,'An application where only one user accesses the database at a given time is an example of a(n) ________ .',5),(45,'An on-line commercial site such as Amazon.com is an example of a(n) ________ .',5),(46,'Which of the following products was the first to implement true relational algebra in a PC DBMS?',5),(47,'SQL stands for ________ .',5),(48,'Because it contains a description of its own structure, a database is considered to be ________ .',5),(49,'The following are functions of a DBMS except ________ .',5),(50,'Helping people keep track of things is the purpose of a(n) ________ .',5),(51,'You can add a row using SQL in a database with which of the following?',6),(52,'The command to remove rows from a table \'CUSTOMER\' is:',6),(53,'The SQL WHERE clause:',6),(54,'Which of the following is the original purpose of SQL?',6),(55,'The wildcard in a WHERE clause is useful when?',6),(56,'A view is which of the following?',6),(57,'The command to eliminate a table from a database is:',6),(58,'ON UPDATE CASCADE ensures which of the following?',6),(59,'SQL data definition commands make up a(n) ________ .',6),(60,'Which of the following is valid SQL for an Index?',6),(61,'How many JDBC driver types does Sun define?',7),(62,'Where is metadata stored in MySQL?',7),(63,'Who invented Java?',7),(64,'To run a compiled Java program, the machine must have what loaded and running?',7),(65,'Which JDBC driver Type(s) can be used in either applet or servlet code?',7),(66,'________ is an open source DBMS product that runs on UNIX, Linux and Windows.',7),(67,'What is sent to the user via HTTP, invoked using the HTTP protocol on the user\'s computer, and run on the user\'s computer as an application?',7),(68,'What MySQL property is used to create a surrogate key in MySQL?',7),(69,'What is not true of a Java bean?',7),(70,'A JSP is transformed into a(n):',7),(71,'Which JDBC driver Type(s) can you use in a three-tier architecture and if the Web server and the DBMS are running on the same machine?',8),(72,'What programming language(s) or scripting language(s) does Java Server Pages (JSP) support?',8),(73,'What servlet processor was developed by Apache Foundation and Sun?',8),(74,'What is bytecode?',8),(75,'What is invoked via HTTP on the Web server computer when it responds to requests from a user\'s Web browser?',8),(76,'Which JDBC driver Type(s) is(are) the JDBC-ODBC bridge?',8),(77,'How many copies of a JSP page can be in memory at a time?',8),(78,'Which JDBC driver Types are for use over communications networks?',8),(79,'JDBC stands for:',8),(80,'How does Tomcat execute a JSP?',8),(81,'What type of join is needed when you wish to include rows that do not have matching values?',9),(82,'What type of join is needed when you wish to return rows that do have matching values?',9),(83,'Which of the following is true concerning a procedure?',9),(84,'A CASE SQL statement is which of the following?',9),(85,'Which of the following statements is true concerning routines and triggers?',9),(86,'Which of the following is one of the basic approaches for joining tables?',9),(87,'Which of the following is true concerning systems information in an RDBMS?',9),(88,'The following SQL is which type of join: SELECT CUSTOMER_T. CUSTOMER_ID, ORDER_T. CUSTOMER_ID, NAME, ORDER_ID FROM CUSTOMER_T,ORDER_T WHERE CUSTOMER_T. CUSTOMER_ID = ORDER_T. CUSTOMER_ID',9),(89,'Embedded SQL is which of the following?',9),(90,'A UNION query is which of the following?',9),(91,'Which of the following languages is more suited to a structured program?',10),(92,'A computer assisted method for the recording and analyzing of existing or hypothetical systems is',10),(93,'The brain of any computer system is',10),(94,'What difference does the 5th generation computer have from other generation computers?',10),(95,'Which of the following computer language is used for artificial intelligence?',10),(96,'The tracks on a disk which can be accessed without repositioning the R/W heads is',10),(97,'Which of the following is the 1\'s complement of 10?',10),(98,'A section of code to which control is transferred when a processor is interrupted is known as',10),(99,'Which part interprets program instructions and initiate control operations.',10),(100,'The binary system uses powers of',10),(101,'A technique used by codes to convert an analog signal into a digital bit stream is known as',11),(102,'An optical input device that interprets pencil marks on paper media is',11),(103,'Most important advantage of an IC is its',11),(104,'Data division is the third division of a _____ program.',11),(105,'Which language was devised by Dr. Seymour Aubrey Papert?',11),(106,'A program that converts computer data into some code system other than the normal one is known as',11),(107,'A device designed to read information encoded into a small plastic card is',11),(108,'A hybrid computer uses a _____ to convert digital signals from a computer into analog signals.',11),(109,'A group of magnetic tapes, videos or terminals usually under the control of one master is',11),(110,'Any device that performs signal conversion is',11),(111,'What command is used to count the total number of lines, words, and characters contained in a file?',12),(112,'What command is used to remove files?',12),(113,'What command is used to remove the directory?',12),(114,'What command is used with vi editor to delete a single character?',12),(115,'What hardware architectures are not supported by Red Hat?',12),(116,'The physical layer of a network',12),(117,'What TCP/IP protocol is used for remote terminal connection service?',12),(118,'How many networks and nodes per network, are allowed by the Class B network?',12),(119,'What service is used to translate domain names to IP addresses?',12),(120,'Which of the following command is used to create a Linux installation boot floppy?',12),(121,'What command is used to save the standard output in a file, as well as display it on the terminal?',13),(122,'What command is used to count just the number of lines contained in a file?',13),(123,'In OSI network architecture, the routing is performed by',13),(124,'The 32-bit internet address 10000000 00001010 00000010 00011110 will be written in dotted decimal notation as',13),(125,'Which class network is used for a collection of a small number of networks with a large number of nodes?',13),(126,'What type of addressing format is used by Class A network.',13),(127,'What types of installations require a special boot disk?',13),(128,'RPM',13),(129,'What command is used to query for a specific package with RPM?',13),(130,'What script is run for setting bash global defaults for all users?',13),(131,'How long is an IPv6 address?',14),(132,'What flavor of Network Address Translation can be used to have one IP address allow many users to connect to the global Internet?',14),(133,'What are the two main types of access control lists (ACLs)?\n    1. Standard\n    2. IEEE\n    3. Extended\n    4. Specialized',14),(134,'What command is used to create a backup configuration?',14),(135,'You have 10 users plugged into a hub running 10Mbps half-duplex. There is a server connected to the switch running 10Mbps half-duplex as well. How much bandwidth does each host have to the server?',14),(136,'Which WLAN IEEE specification allows up to 54Mbps at 2.4GHz?',14),(137,'Which of the following is the valid host range for the subnet on which the IP address 192.168.168.188 255.255.255.192 resides?',14),(138,'To back up an IOS, what command will you use?',14),(139,'What protocol does PPP use to identify the Network layer protocol?',14),(140,'Which of the following commands will allow you to set your Telnet password on a Cisco router?',14),(141,'Modem is used in data transmission. When was it invented and in which country?',15),(142,'Which of the following technique is used for Time-To-Line (TTL)?',15),(143,'Communication network is',15),(144,'Which of the following is an advantage to using fiber optics data transmission?',15),(145,'Which of the following statement is incorrect?',15),(146,'Bandlimited signal is',15),(147,'Computers in a LAN can be interconnected by radio and infrared technologies.',15),(148,'You have a network ID of 134.57.0.0 and you need to divide it into multiple subnets in which at least 600 host IDs for each subnet are available. You desire to have the largest amount of subnets available. Which subnet mask should you assign?',15),(149,'How many digits of the Network User Address are known as the DNIC (Data Network Identification Code)?',15),(150,'Which of the following is the address of the router?',15),(151,'Which of the following type of class allows only one object of it to be created?',16),(152,'Which of the following is not a type of constructor?',16),(153,'Which of the following statements is correct?',16),(154,'Which of the following is not the member of class?',16),(155,'Which of the following concepts means determining at runtime what method to invoke?',16),(156,'Which of the following term is used for a function defined inside a class?',16),(157,'Which of the following concept of oops allows compiler to insert arguments in a function call if it is not specified?',16),(158,'How many instances of an abstract class can be created?',16),(159,'Which of the following cannot be friend?',16),(160,'Which of the following concepts of OOPS means exposing only necessary information to client?',16),(161,'Why reference is not same as a pointer?',17),(162,'cout is a/an __________ .',17),(163,'Which of the following concepts provides facility of using object of one class inside another class?',17),(164,'How many types of polymorphisms are supported by C++?',17),(165,'Which of the following is an abstract data type?',17),(166,'Which of the following concepts means adding new components to a program as it runs?',17),(167,'Which of the following statement is correct?',17),(168,'Which of the following correctly describes overloading of functions?',17),(169,'Which of the following approach is adapted by C++?',17),(170,'Which of the following is correct about function overloading?',17);
/*!40000 ALTER TABLE `questions` ENABLE KEYS */;
UNLOCK TABLES;

--
-- Table structure for table `results`
--

DROP TABLE IF EXISTS `results`;
/*!40101 SET @saved_cs_client     = @@character_set_client */;
/*!40101 SET character_set_client = utf8 */;
CREATE TABLE `results` (
  `id` bigint(20) NOT NULL AUTO_INCREMENT,
  `score` int(11) NOT NULL,
  `test_id` bigint(20) NOT NULL,
  `user_id` bigint(20) NOT NULL,
  PRIMARY KEY (`id`),
  KEY `fk_user_id` (`user_id`),
  CONSTRAINT `fk_user_id` FOREIGN KEY (`user_id`) REFERENCES `users` (`id`) ON DELETE CASCADE ON UPDATE CASCADE
) ENGINE=InnoDB AUTO_INCREMENT=17 DEFAULT CHARSET=utf8;
/*!40101 SET character_set_client = @saved_cs_client */;

--
-- Dumping data for table `results`
--

LOCK TABLES `results` WRITE;
/*!40000 ALTER TABLE `results` DISABLE KEYS */;
INSERT INTO `results` VALUES (1,10,1,2),(2,9,1,4),(3,6,1,5),(4,2,1,6),(5,8,1,7),(6,4,1,8),(7,6,1,9),(8,10,1,10),(9,8,1,11),(10,5,1,12),(12,8,1,13),(13,9,1,14),(14,10,1,15),(15,10,1,16),(16,40,4,17);
/*!40000 ALTER TABLE `results` ENABLE KEYS */;
UNLOCK TABLES;

--
-- Table structure for table `tests`
--

DROP TABLE IF EXISTS `tests`;
/*!40101 SET @saved_cs_client     = @@character_set_client */;
/*!40101 SET character_set_client = utf8 */;
CREATE TABLE `tests` (
  `id` bigint(20) NOT NULL AUTO_INCREMENT,
  `name` varchar(45) NOT NULL,
  `topic_id` bigint(20) DEFAULT NULL,
  PRIMARY KEY (`id`),
  KEY `fk_topics_id` (`topic_id`),
  CONSTRAINT `fk_topics_id` FOREIGN KEY (`topic_id`) REFERENCES `topics` (`id`) ON DELETE CASCADE ON UPDATE CASCADE
) ENGINE=InnoDB AUTO_INCREMENT=18 DEFAULT CHARSET=utf8;
/*!40101 SET character_set_client = @saved_cs_client */;

--
-- Dumping data for table `tests`
--

LOCK TABLES `tests` WRITE;
/*!40000 ALTER TABLE `tests` DISABLE KEYS */;
INSERT INTO `tests` VALUES (1,'Language Fundamentals',1),(2,'Inner Classes',1),(3,'Declarations and Access Control',1),(4,'Objects and Collections',1),(5,'Introduction to Database',2),(6,'Introduction to SQL',2),(7,'JDBC, Java Server Pages, and MySQL',2),(8,'JDBC, Java Server Pages, and MySQL Part2',2),(9,'Advanced SQL',2),(10,'Computer Fundamentals',3),(11,'Computer Fundamentals Part2',3),(12,'Linux Part1',3),(13,'Linux Part2',3),(14,'Networking Basics',4),(15,'Networking Part2',4),(16,'OOPS Concepts',5),(17,'OOPS Concepts Part2',5);
/*!40000 ALTER TABLE `tests` ENABLE KEYS */;
UNLOCK TABLES;

--
-- Table structure for table `topics`
--

DROP TABLE IF EXISTS `topics`;
/*!40101 SET @saved_cs_client     = @@character_set_client */;
/*!40101 SET character_set_client = utf8 */;
CREATE TABLE `topics` (
  `id` bigint(20) NOT NULL AUTO_INCREMENT,
  `name` varchar(45) NOT NULL,
  PRIMARY KEY (`id`)
) ENGINE=InnoDB AUTO_INCREMENT=6 DEFAULT CHARSET=utf8;
/*!40101 SET character_set_client = @saved_cs_client */;

--
-- Dumping data for table `topics`
--

LOCK TABLES `topics` WRITE;
/*!40000 ALTER TABLE `topics` DISABLE KEYS */;
INSERT INTO `topics` VALUES (1,'Java Programming'),(2,'Database'),(3,'Computer Science'),(4,'Networking'),(5,'C++ Programming');
/*!40000 ALTER TABLE `topics` ENABLE KEYS */;
UNLOCK TABLES;

--
-- Table structure for table `users`
--

DROP TABLE IF EXISTS `users`;
/*!40101 SET @saved_cs_client     = @@character_set_client */;
/*!40101 SET character_set_client = utf8 */;
CREATE TABLE `users` (
  `id` bigint(20) NOT NULL AUTO_INCREMENT,
  `email` varchar(320) NOT NULL,
  `password` varchar(60) NOT NULL,
  `role` varchar(45) NOT NULL DEFAULT 'STUDENT',
  PRIMARY KEY (`id`)
) ENGINE=InnoDB AUTO_INCREMENT=19 DEFAULT CHARSET=utf8;
/*!40101 SET character_set_client = @saved_cs_client */;

--
-- Dumping data for table `users`
--

LOCK TABLES `users` WRITE;
/*!40000 ALTER TABLE `users` DISABLE KEYS */;
INSERT INTO `users` VALUES (1,'pavelorlov@gmail.com','Fjb7cil1M','STUDENT'),(2,'nadezhdamyronova@yahoo.com','1sjR4vdao','STUDENT'),(3,'tatyana@yahoo.com','NICrifw3','STUDENT'),(4,'oleh@@aol.com','PCheiWf8xa','STUDENT'),(5,'sviatoslav@yahoo.com','NCqQCHIR53','STUDENT'),(6,'ihor@ygm.com','QNnSir6','STUDENT'),(7,'roman@yahoo.com','OECRneio92ds','STUDENT'),(8,'natalia@games.com','Password1','STUDENT'),(9,'vasylyna@aol.com','UIgsidn22','STUDENT'),(10,'novdjdscjsd@games.com','sdkreVENTf0','STUDENT'),(11,'sdfkvuxfic@gaol.com','vERohr4','STUDENT'),(12,'e@ygm.com','APrvmat2','STUDENT'),(13,'onxewjn@yahoo.com','Ssirhw3','STUDENT'),(14,'oifvrknu@gmail.com','YOjbx5ms','STUDENT'),(15,'wuxfklkfc@games.com','nvkrhfakR29','STUDENT'),(16,'uyweocnzmz@ygm.com','fsbfc7SST','STUDENT'),(17,'useremail@gmail.com','$2a$10$et03kwgBTmybBQ0eMQbm9.FnAyzBP5UpGRTsLWjBlMvNQrqLL7.zK','STUDENT'),(18,'admin@gmail.com','$2a$10$gjifhIr7HK1UQPYQVuDKh.ZgiiLdC3zqYfVAhknXZ4pl9m6z6cmg2','ADMIN');
/*!40000 ALTER TABLE `users` ENABLE KEYS */;
UNLOCK TABLES;
/*!40103 SET TIME_ZONE=@OLD_TIME_ZONE */;

/*!40101 SET SQL_MODE=@OLD_SQL_MODE */;
/*!40014 SET FOREIGN_KEY_CHECKS=@OLD_FOREIGN_KEY_CHECKS */;
/*!40014 SET UNIQUE_CHECKS=@OLD_UNIQUE_CHECKS */;
/*!40101 SET CHARACTER_SET_CLIENT=@OLD_CHARACTER_SET_CLIENT */;
/*!40101 SET CHARACTER_SET_RESULTS=@OLD_CHARACTER_SET_RESULTS */;
/*!40101 SET COLLATION_CONNECTION=@OLD_COLLATION_CONNECTION */;
/*!40111 SET SQL_NOTES=@OLD_SQL_NOTES */;

-- Dump completed on 2020-06-10 14:00:38
